"ip","hostname","city","region","country","name"
"180.190.173.195","null","Cebu City","Central Visayas","PH","Godzilla vs. Kong (2021) [720p] [WEBRip]"
"112.134.96.161","null","Negombo","Western","LK","Godzilla vs. Kong (2021) [720p] [WEBRip]"
"39.53.67.100","null","Rahim Yar Khan","Punjab","PK","Godzilla vs. Kong (2021) [720p] [WEBRip]"
"103.10.29.77","null","Kathmandu","Bagmati Province","NP","Godzilla vs. Kong (2021) [720p] [WEBRip]"
"105.232.77.76","null","Windhoek","Khomas","NA","Godzilla vs. Kong (2021) [720p] [WEBRip]"
"112.134.45.52","null","Battaramulla South","Western","LK","Godzilla vs. Kong (2021) [720p] [WEBRip]"
"112.134.66.196","null","Peliyagoda","Western","LK","Godzilla vs. Kong (2021) [720p] [WEBRip]"
"114.79.38.112","null","Makassar","South Sulawesi","ID","Godzilla vs. Kong (2021) [720p] [WEBRip]"
"91.197.46.159","null","Beirut","Beyrouth","LB","Godzilla vs. Kong (2021) [720p] [WEBRip]"
"122.152.54.137","null","Chattogram","Chittagong","BD","Godzilla vs. Kong (2021) [720p] [WEBRip]"
"27.5.62.156","null","Chennai","Tamil Nadu","IN","Godzilla vs. Kong (2021) [720p] [WEBRip]"
"42.49.109.214","null","Beijing","Beijing","CN","Godzilla vs. Kong (2021) [720p] [WEBRip]"
"157.47.220.78","null","Jaipur","Rajasthan","IN","Godzilla vs. Kong (2021) [720p] [WEBRip]"
"103.104.214.206","null","Lahore","Punjab","PK","Godzilla vs. Kong (2021) [720p] [WEBRip]"
"110.54.148.241","null","Quezon City","Metro Manila","PH","Godzilla vs. Kong (2021) [720p] [WEBRip]"
"60.52.68.190","null","Kota Kinabalu","Sabah","MY","Godzilla vs. Kong (2021) [720p] [WEBRip]"
"216.10.217.243","null","Kingston","Kingston","JM","Godzilla vs. Kong (2021) [720p] [WEBRip]"
"209.141.141.28","null","Mississauga","Ontario","CA","Godzilla vs. Kong (2021) [720p] [WEBRip]"
"206.54.206.60","host-206-54-206-60.entouch.net","Sugar Land","Texas","US","Godzilla vs. Kong (2021) [720p] [WEBRip]"
"202.177.238.193","host-238293.fivenetwork.com","Amarnāth","Maharashtra","IN","Godzilla vs. Kong (2021) [720p] [WEBRip]"
"200.109.45.151","200.109.45-151.dyn.dsl.cantv.net","Los Teques","Miranda","VE","Godzilla vs. Kong (2021) [720p] [WEBRip]"
"197.229.138.63","8ta-229-138-63.telkomadsl.co.za","Germiston","Gauteng","ZA","Godzilla vs. Kong (2021) [720p] [WEBRip]"
"197.211.58.24","null","Lagos","Lagos","NG","Godzilla vs. Kong (2021) [720p] [WEBRip]"
"197.188.162.170","null","Walvis Bay","Erongo","NA","Godzilla vs. Kong (2021) [720p] [WEBRip]"
"197.186.124.221","221-124-186-197.r.airtel.co.tz","Dar es Salaam","Dar es Salaam","TZ","Godzilla vs. Kong (2021) [720p] [WEBRip]"
"197.185.115.193","rain-197-185-115-193.rain.network","Cape Town","Western Cape","ZA","Godzilla vs. Kong (2021) [720p] [WEBRip]"
"197.185.106.115","rain-197-185-106-115.rain.network","Johannesburg","Gauteng","ZA","Godzilla vs. Kong (2021) [720p] [WEBRip]"
"197.89.51.19","197-89-51-19.dsl.mweb.co.za","Randburg","Gauteng","ZA","Godzilla vs. Kong (2021) [720p] [WEBRip]"
"196.189.186.185","null","Addis Ababa","Addis Ababa","ET","Godzilla vs. Kong (2021) [720p] [WEBRip]"
"195.206.169.231","231.169.206.195.baremetal.zare.com","London","England","GB","Godzilla vs. Kong (2021) [720p] [WEBRip]"
"192.223.81.7","null","Santa Cruz de la Sierra","Santa Cruz","BO","Godzilla vs. Kong (2021) [720p] [WEBRip]"
"191.95.149.142","dinamic-tigo-191-95-149-142.tigo.com.co","Medellín","Antioquia","CO","Godzilla vs. Kong (2021) [720p] [WEBRip]"
"189.216.74.154","customer-189-216-74-154.cablevision.net.mx","Mexico City","Mexico City","MX","Godzilla vs. Kong (2021) [720p] [WEBRip]"
"187.84.178.159","null","Luziânia","Goiás","BR","Godzilla vs. Kong (2021) [720p] [WEBRip]"
"186.11.30.213","client-186-11-30-213.imovil.entelpcs.cl","Santiago","Santiago Metropolitan","CL","Godzilla vs. Kong (2021) [720p] [WEBRip]"
"182.70.184.106","abts-mp-dynamic-106.184.70.182.airtelbroadband.in","Indore","Madhya Pradesh","IN","Godzilla vs. Kong (2021) [720p] [WEBRip]"
"182.18.198.241","null","Cebu City","Central Visayas","PH","Godzilla vs. Kong (2021) [720p] [WEBRip]"
"174.130.208.191","h191.208.130.174.dynamic.ip.windstream.net","Bolivar","Missouri","US","Godzilla vs. Kong (2021) [720p] [WEBRip]"
"172.58.172.151","null","Orlando","Florida","US","Godzilla vs. Kong (2021) [720p] [WEBRip]"
"165.90.125.135","null","Praia","Praia","CV","Godzilla vs. Kong (2021) [720p] [WEBRip]"
"160.226.175.93","null","Louis Trichardt","Limpopo","ZA","Godzilla vs. Kong (2021) [720p] [WEBRip]"
"154.160.25.149","null","Accra","Greater Accra","GH","Godzilla vs. Kong (2021) [720p] [WEBRip]"
"154.73.203.140","null","Douala","Littoral","CM","Godzilla vs. Kong (2021) [720p] [WEBRip]"
"152.32.107.201","null","Pasig City","Metro Manila","PH","Godzilla vs. Kong (2021) [720p] [WEBRip]"
"152.32.98.70","null","Pasig City","Metro Manila","PH","Godzilla vs. Kong (2021) [720p] [WEBRip]"
"136.158.32.159","159.32.158.136.convergeict.com","San Jose del Monte","Central Luzon","PH","Godzilla vs. Kong (2021) [720p] [WEBRip]"
"117.193.4.15","null","Chennai","Tamil Nadu","IN","Godzilla vs. Kong (2021) [720p] [WEBRip]"
"116.75.177.180","null","Pune","Maharashtra","IN","Godzilla vs. Kong (2021) [720p] [WEBRip]"
"116.58.201.222","banglalinkgsm.com","Dhaka","Dhaka","BD","Godzilla vs. Kong (2021) [720p] [WEBRip]"
"115.135.45.111","null","Johor Bahru","Johor","MY","Godzilla vs. Kong (2021) [720p] [WEBRip]"
"114.79.37.252","null","Makassar","South Sulawesi","ID","Godzilla vs. Kong (2021) [720p] [WEBRip]"
"114.35.82.6","114-35-82-6.hinet-ip.hinet.net","Taichung","Taiwan","TW","Godzilla vs. Kong (2021) [720p] [WEBRip]"
"112.201.64.203","112.201.64.203.pldt.net","Pasig City","Metro Manila","PH","Godzilla vs. Kong (2021) [720p] [WEBRip]"
"112.198.162.32","null","Pasig City","Metro Manila","PH","Godzilla vs. Kong (2021) [720p] [WEBRip]"
"112.198.65.208","null","Quezon City","Metro Manila","PH","Godzilla vs. Kong (2021) [720p] [WEBRip]"
"112.134.185.129","null","Kandy","Central","LK","Godzilla vs. Kong (2021) [720p] [WEBRip]"
"112.134.96.161","null","Negombo","Western","LK","Godzilla vs. Kong (2021) [720p] [WEBRip]"
"112.134.38.251","null","Maharagama","Western","LK","Godzilla vs. Kong (2021) [720p] [WEBRip]"
"111.125.105.106","null","San Jose del Monte","Central Luzon","PH","Godzilla vs. Kong (2021) [720p] [WEBRip]"
"111.119.187.24","null","Lahore","Punjab","PK","Godzilla vs. Kong (2021) [720p] [WEBRip]"
"110.54.244.44","null","Quezon City","Metro Manila","PH","Godzilla vs. Kong (2021) [720p] [WEBRip]"
"105.225.191.247","105-225-191-247.east.telkomsa.net","Cape Town","Western Cape","ZA","Godzilla vs. Kong (2021) [720p] [WEBRip]"
"105.163.2.131","null","Nairobi","Nairobi Area","KE","Godzilla vs. Kong (2021) [720p] [WEBRip]"
"103.247.48.41","null","Colombo","Western","LK","Godzilla vs. Kong (2021) [720p] [WEBRip]"
"103.144.48.245","null","Dhaka","Dhaka","BD","Godzilla vs. Kong (2021) [720p] [WEBRip]"
"102.222.235.144","null","Kampala","Central Region","UG","Godzilla vs. Kong (2021) [720p] [WEBRip]"
"102.132.202.123","nepn-cust.coolideas.co.za","Cape Town","Western Cape","ZA","Godzilla vs. Kong (2021) [720p] [WEBRip]"
"102.65.76.97","102-65-76-97.ftth.web.africa","Johannesburg","Gauteng","ZA","Godzilla vs. Kong (2021) [720p] [WEBRip]"
"94.192.127.93","5ec07f5d.skybroadband.com","Cardiff","Wales","GB","Godzilla vs. Kong (2021) [720p] [WEBRip]"
"92.37.41.91","cpe-92-37-41-91.dynamic.amis.net","Ljubljana","Ljubljana","SI","Godzilla vs. Kong (2021) [720p] [WEBRip]"
"78.95.4.51","null","Riyadh","Riyadh Region","SA","Godzilla vs. Kong (2021) [720p] [WEBRip]"
"72.255.40.211","null","Lahore","Punjab","PK","Godzilla vs. Kong (2021) [720p] [WEBRip]"
"72.14.99.17","null","Castries","Castries","LC","Godzilla vs. Kong (2021) [720p] [WEBRip]"
"66.181.185.150","null","Ulan Bator","Ulaanbaatar","MN","Godzilla vs. Kong (2021) [720p] [WEBRip]"
"61.6.238.202","202-238.adsl.static.espeed.com.bn","Bandar Seri Begawan","Brunei-Muara District","BN","Godzilla vs. Kong (2021) [720p] [WEBRip]"
"49.149.77.217","dsl.49.149.77.217.pldt.net","Lacson","Davao","PH","Godzilla vs. Kong (2021) [720p] [WEBRip]"
"49.36.45.177","null","Bhopāl","Madhya Pradesh","IN","Godzilla vs. Kong (2021) [720p] [WEBRip]"
"41.242.71.63","null","Abeokuta","Ogun","NG","Godzilla vs. Kong (2021) [720p] [WEBRip]"
"41.204.44.42","41-204-44-42-dedicated.4u.com.gh","Accra","Greater Accra","GH","Godzilla vs. Kong (2021) [720p] [WEBRip]"
"41.161.15.198","null","Pretoria","Gauteng","ZA","Godzilla vs. Kong (2021) [720p] [WEBRip]"
"41.80.105.61","null","Nairobi","Nairobi Area","KE","Godzilla vs. Kong (2021) [720p] [WEBRip]"
"39.53.111.47","null","Rahim Yar Khan","Punjab","PK","Godzilla vs. Kong (2021) [720p] [WEBRip]"
"39.53.67.100","null","Rahim Yar Khan","Punjab","PK","Godzilla vs. Kong (2021) [720p] [WEBRip]"
"39.33.50.152","null","Mingora","Khyber Pakhtunkhwa","PK","Godzilla vs. Kong (2021) [720p] [WEBRip]"
"37.210.32.222","null","Doha","Baladīyat ad Dawḩah","QA","Godzilla vs. Kong (2021) [720p] [WEBRip]"
"37.186.40.60","37-186-40-60.ip.as39912.net","Doha","Baladīyat ad Dawḩah","QA","Godzilla vs. Kong (2021) [720p] [WEBRip]"
"27.34.104.36","null","Biratnagar","Province 1","NP","Godzilla vs. Kong (2021) [720p] [WEBRip]"
"2.58.13.116","null","Amsterdam","North Holland","NL","Godzilla vs. Kong (2021) [720p] [WEBRip]"
"105.163.2.35","null","Nairobi","Nairobi Area","KE","Godzilla vs. Kong (2021) [720p] [WEBRip]"
"61.6.238.202","202-238.adsl.static.espeed.com.bn","Bandar Seri Begawan","Brunei-Muara District","BN","Godzilla vs. Kong (2021) [720p] [WEBRip]"
"129.56.40.6","null","Abuja","FCT","NG","Godzilla vs. Kong (2021) [720p] [WEBRip]"
"109.93.42.209","109-93-42-209.dynamic.isp.telekom.rs","Belgrade","Central Serbia","RS","Godzilla vs. Kong (2021) [720p] [WEBRip]"
"82.173.40.95","ip95-40-173-82.adsl2.static.versatel.nl","Groningen","Groningen","NL","Godzilla vs. Kong (2021) [720p] [WEBRip]"
"79.141.119.99","null","Ohrid","Ohrid","MK","Godzilla vs. Kong (2021) [720p] [WEBRip]"
"182.18.238.240","null","Lacson","Davao","PH","Godzilla vs. Kong (2021) [720p] [WEBRip]"
"103.93.36.136","null","Guwahati","Assam","IN","Godzilla vs. Kong (2021) [720p] [WEBRip]"
"45.41.134.169","null","New York City","New York","US","Godzilla vs. Kong (2021) [720p] [WEBRip]"
"99.249.189.209","cpe6c55e88e67c4-cm6c55e88e67c2.cpe.net.cable.rogers.com","Midland","Ontario","CA","Godzilla vs. Kong (2021) [720p] [WEBRip]"
"169.255.184.152","null","Dar es Salaam","Dar es Salaam","TZ","Godzilla vs. Kong (2021) [720p] [WEBRip]"
"27.34.69.134","null","Kathmandu","Bagmati Province","NP","Godzilla vs. Kong (2021) [720p] [WEBRip]"
"47.200.177.163","null","Tampa","Florida","US","Godzilla vs. Kong (2021) [720p] [WEBRip]"
"59.103.109.142","null","Peshawar","Khyber Pakhtunkhwa","PK","Godzilla vs. Kong (2021) [720p] [WEBRip]"
"92.98.132.229","null","Dubai","Dubai","AE","Godzilla vs. Kong (2021) [720p] [WEBRip]"
"112.198.162.32","null","Pasig City","Metro Manila","PH","Godzilla vs. Kong (2021) [720p] [WEBRip]"
"213.169.152.125","internet.by.netflash.com.cy","Nicosia","Nicosia","CY","Godzilla vs. Kong (2021) [720p] [WEBRip]"
"109.76.174.109","null","Dublin","Leinster","IE","Godzilla vs. Kong (2021) [720p] [WEBRip]"
"82.192.34.170","tm.82.192.34.170.dc.telemach.net","Jesenice","Jesenice","SI","Godzilla vs. Kong (2021) [720p] [WEBRip]"
"27.147.234.212","234.212.cetus.link3.net","Sylhet","Sylhet","BD","Godzilla vs. Kong (2021) [720p] [WEBRip]"
"156.155.219.47","156-155-219-47.ip.internet.co.za","Johannesburg","Gauteng","ZA","Godzilla vs. Kong (2021) [720p] [WEBRip]"
"165.16.166.202","null","Nelspruit","Mpumalanga","ZA","Godzilla vs. Kong (2021) [720p] [WEBRip]"
"129.122.148.86","lad-cust-129-122-148-86.zapfibra.co.ao","Luanda","Luanda","AO","Godzilla vs. Kong (2021) [720p] [WEBRip]"
"113.199.130.159","159-adsl.ntc.net.np","Kathmandu","Bagmati Province","NP","Godzilla vs. Kong (2021) [720p] [WEBRip]"
"102.222.235.144","null","Kampala","Central Region","UG","Godzilla vs. Kong (2021) [720p] [WEBRip]"
"112.201.64.203","112.201.64.203.pldt.net","Pasig City","Metro Manila","PH","Godzilla vs. Kong (2021) [720p] [WEBRip]"
"41.115.43.162","null","Durban","KwaZulu-Natal","ZA","Godzilla vs. Kong (2021) [720p] [WEBRip]"
"41.223.74.122","null","Gaborone","Gaborone","BW","Godzilla vs. Kong (2021) [720p] [WEBRip]"
"193.217.222.35","m193-217-222-35.cust.tele2.hr","Zagreb","City of Zagreb","HR","Godzilla vs. Kong (2021) [720p] [WEBRip]"
"102.132.202.123","nepn-cust.coolideas.co.za","Cape Town","Western Cape","ZA","Godzilla vs. Kong (2021) [720p] [WEBRip]"
"188.129.65.174","cpe-188-129-65-174.dynamic.amis.hr","Zagreb","City of Zagreb","HR","Godzilla vs. Kong (2021) [720p] [WEBRip]"
"49.147.193.24","dsl.49.148.193.24.pldt.net","Cebu City","Central Visayas","PH","Godzilla vs. Kong (2021) [720p] [WEBRip]"
"131.161.84.113","ip-131-161-084-113.v4.isp.telem.sx","Petit Valley","Diego Martin","TT","Godzilla vs. Kong (2021) [720p] [WEBRip]"
"197.250.97.121","null","Dar es Salaam","Dar es Salaam","TZ","Godzilla vs. Kong (2021) [720p] [WEBRip]"
"27.34.68.179","null","Kathmandu","Bagmati Province","NP","Godzilla vs. Kong (2021) [720p] [WEBRip]"
"105.179.3.46","null","Kigali","Kigali","RW","Godzilla vs. Kong (2021) [720p] [WEBRip]"
"72.27.168.16","16-168-27-72-br1-dynamic-dsl.cwjamaica.com","Kingston","Kingston","JM","Godzilla vs. Kong (2021) [720p] [WEBRip]"
"197.229.131.90","8ta-229-131-90.telkomadsl.co.za","Germiston","Gauteng","ZA","Godzilla vs. Kong (2021) [720p] [WEBRip]"
"183.87.113.114","host.modernplaza.in","Pune","Maharashtra","IN","Godzilla vs. Kong (2021) [720p] [WEBRip]"
"110.54.206.204","null","Cebu City","Central Visayas","PH","Godzilla vs. Kong (2021) [720p] [WEBRip]"
"112.198.162.10","null","Pasig City","Metro Manila","PH","Godzilla vs. Kong (2021) [720p] [WEBRip]"
"105.163.2.131","null","Nairobi","Nairobi Area","KE","Godzilla vs. Kong (2021) [720p] [WEBRip]"
"80.42.197.205","80-42-197-205.dynamic.dsl.as9105.com","Maidstone","England","GB","Wonder Woman 1984.2020.IMAX.HDRip.XviD.AC3-EVO[TGx]"
"2.49.67.139","null","Dubai","Dubai","AE","Wonder Woman 1984.2020.IMAX.HDRip.XviD.AC3-EVO[TGx]"
"84.17.63.1","unn-84-17-63-1.cdn77.com","Denver","Colorado","US","Wonder Woman 1984.2020.IMAX.HDRip.XviD.AC3-EVO[TGx]"
"186.228.199.141","186-228-199-141.ded.intelignet.com.br","Rio de Janeiro","Rio de Janeiro","BR","Wonder Woman 1984.2020.IMAX.HDRip.XviD.AC3-EVO[TGx]"
"91.74.151.91","null","Dubai","Dubai","AE","Wonder Woman 1984.2020.IMAX.HDRip.XviD.AC3-EVO[TGx]"
"2.64.205.253","2.64.205.253.mobile.tre.se","Stockholm","Stockholm","SE","Wonder Woman 1984.2020.IMAX.HDRip.XviD.AC3-EVO[TGx]"
"85.7.119.87","87.119.7.85.dynamic.wline.res.cust.swisscom.ch","Zürich","Zurich","CH","Wonder Woman 1984.2020.IMAX.HDRip.XviD.AC3-EVO[TGx]"
"79.179.24.207","bzq-79-179-24-207.red.bezeqint.net","Tel Aviv","Tel Aviv","IL","Wonder Woman 1984.2020.IMAX.HDRip.XviD.AC3-EVO[TGx]"
"102.64.37.4","null","Johannesburg","Gauteng","ZA","Wonder Woman 1984.2020.IMAX.HDRip.XviD.AC3-EVO[TGx]"
"212.102.45.118","unn-212-102-45-118.cdn77.com","Denver","Colorado","US","Wonder Woman 1984.2020.IMAX.HDRip.XviD.AC3-EVO[TGx]"
"5.102.238.174","cust-174.238.102.5.018.net.il","Tel Aviv","Tel Aviv","IL","Wonder Woman 1984.2020.IMAX.HDRip.XviD.AC3-EVO[TGx]"
"197.250.225.101","null","Dar es Salaam","Dar es Salaam","TZ","Wonder Woman 1984.2020.IMAX.HDRip.XviD.AC3-EVO[TGx]"
"202.78.235.138","node-202-78-235-138.alliancebroadband.in","Jamshedpur","Jharkhand","IN","Wonder Woman 1984.2020.IMAX.HDRip.XviD.AC3-EVO[TGx]"
"87.120.193.119","dhcp-119.net1.bg","Sofia","Sofia-Capital","BG","Wonder Woman 1984.2020.IMAX.HDRip.XviD.AC3-EVO[TGx]"
"5.29.27.4","null","Tel Aviv","Tel Aviv","IL","Wonder Woman 1984.2020.IMAX.HDRip.XviD.AC3-EVO[TGx]"
"102.114.201.195","null","Port Louis","Port Louis","MU","Wonder Woman 1984.2020.IMAX.HDRip.XviD.AC3-EVO[TGx]"
"92.238.238.166","cpc94106-newt38-2-0-cust677.19-3.cable.virginm.net","Exeter","England","GB","Wonder Woman 1984.2020.IMAX.HDRip.XviD.AC3-EVO[TGx]"
"181.43.129.241","xxb129-241.entelchile.net","Santiago","Santiago Metropolitan","CL","Wonder Woman 1984.2020.IMAX.HDRip.XviD.AC3-EVO[TGx]"
"187.189.98.253","fixed-187-189-98-253.totalplay.net","Guadalajara","Jalisco","MX","Wonder Woman 1984.2020.IMAX.HDRip.XviD.AC3-EVO[TGx]"
"103.199.182.200","ws200-182.199.103.rcil.gov.in","Guwahati","Assam","IN","Wonder Woman 1984.2020.IMAX.HDRip.XviD.AC3-EVO[TGx]"
"112.201.86.220","112.201.86.220.pldt.net","Pasig City","Metro Manila","PH","Wonder Woman 1984.2020.IMAX.HDRip.XviD.AC3-EVO[TGx]"
"79.101.179.139","79-101-179-139.dynamic.isp.telekom.rs","Belgrade","Central Serbia","RS","Wonder Woman 1984.2020.IMAX.HDRip.XviD.AC3-EVO[TGx]"
"103.3.46.63","null","Bandar Lampung","Lampung","ID","Wonder Woman 1984.2020.IMAX.HDRip.XviD.AC3-EVO[TGx]"
"136.158.32.21","21.32.158.136.convergeict.com","San Jose del Monte","Central Luzon","PH","Wonder Woman 1984.2020.IMAX.HDRip.XviD.AC3-EVO[TGx]"
"223.235.94.52","abts-north-dynamic-52.94.235.223.airtelbroadband.in","Noida","Uttar Pradesh","IN","Wonder Woman 1984.2020.IMAX.HDRip.XviD.AC3-EVO[TGx]"
"185.192.69.53","null","London","England","GB","Wonder Woman 1984.2020.IMAX.HDRip.XviD.AC3-EVO[TGx]"
"103.144.188.88","null","Bhiwandi","Maharashtra","IN","Wonder Woman 1984.2020.IMAX.HDRip.XviD.AC3-EVO[TGx]"
"202.142.116.132","null","Kolkata","West Bengal","IN","Wonder Woman 1984.2020.IMAX.HDRip.XviD.AC3-EVO[TGx]"
"81.171.8.20","null","Amsterdam","North Holland","NL","Wonder Woman 1984.2020.IMAX.HDRip.XviD.AC3-EVO[TGx]"
"120.29.87.101","101.87.29.120-rev.convergeict.com","Angeles City","Central Luzon","PH","Wonder Woman 1984.2020.IMAX.HDRip.XviD.AC3-EVO[TGx]"
"152.32.107.31","null","Pasig City","Metro Manila","PH","Wonder Woman 1984.2020.IMAX.HDRip.XviD.AC3-EVO[TGx]"
"45.84.174.20","null","Stara Zagora","Stara Zagora","BG","Wonder Woman 1984.2020.IMAX.HDRip.XviD.AC3-EVO[TGx]"
"180.190.86.187","null","Makati City","Metro Manila","PH","Wonder Woman 1984.2020.IMAX.HDRip.XviD.AC3-EVO[TGx]"
"117.199.72.165","null","Shillong","Meghalaya","IN","Wonder Woman 1984.2020.IMAX.HDRip.XviD.AC3-EVO[TGx]"
"185.169.233.87","null","London","England","GB","Wonder Woman 1984.2020.IMAX.HDRip.XviD.AC3-EVO[TGx]"
"94.6.215.107","5e06d76b.bb.sky.com","Cardiff","Wales","GB","Wonder Woman 1984.2020.IMAX.HDRip.XviD.AC3-EVO[TGx]"
"84.13.167.6","null","Leeds","England","GB","Wonder Woman 1984.2020.IMAX.HDRip.XviD.AC3-EVO[TGx]"
"197.229.1.64","8ta-229-1-64.telkomadsl.co.za","Cape Town","Western Cape","ZA","Wonder Woman 1984.2020.IMAX.HDRip.XviD.AC3-EVO[TGx]"
"103.3.46.63","null","Bandar Lampung","Lampung","ID","Wonder Woman 1984.2020.IMAX.HDRip.XviD.AC3-EVO[TGx]"
"89.237.110.122","dynamic-89-237-110-122.hotnet.net.il","Tel Aviv","Tel Aviv","IL","Wonder Woman 1984.2020.IMAX.HDRip.XviD.AC3-EVO[TGx]"
"36.37.184.250","null","Phnom Penh","Phnom Penh","KH","Wonder Woman 1984.2020.IMAX.HDRip.XviD.AC3-EVO[TGx]"
"91.225.117.29","null","Oleshky","Kherson Oblast","UA","Wonder Woman 1984.2020.IMAX.HDRip.XviD.AC3-EVO[TGx]"
"41.182.181.250","null","Ongwediva","Oshana","NA","Wonder Woman 1984.2020.IMAX.HDRip.XviD.AC3-EVO[TGx]"
"49.145.74.31","dsl.49.145.74.31.pldt.net","Cebu City","Central Visayas","PH","Wonder Woman 1984.2020.IMAX.HDRip.XviD.AC3-EVO[TGx]"
"124.104.184.42","124.104.184.42.static.pldt.net","Olongapo","Central Luzon","PH","Wonder Woman 1984.2020.IMAX.HDRip.XviD.AC3-EVO[TGx]"
"93.136.35.252","93-136-35-252.adsl.net.t-com.hr","Zagreb","City of Zagreb","HR","Wonder Woman 1984.2020.IMAX.HDRip.XviD.AC3-EVO[TGx]"
"131.226.66.74","null","Lacson","Davao","PH","Wonder Woman 1984.2020.IMAX.HDRip.XviD.AC3-EVO[TGx]"
"185.50.215.131","185-50-215-131.static.orange.sk","Komárno","Nitriansky kraj","SK","Wonder Woman 1984.2020.IMAX.HDRip.XviD.AC3-EVO[TGx]"
"102.65.60.137","102-65-60-137.ftth.web.africa","Cape Town","Western Cape","ZA","Wonder Woman 1984.2020.IMAX.HDRip.XviD.AC3-EVO[TGx]"
"59.41.22.122","null","Guangzhou","Guangdong","CN","Wonder Woman 1984.2020.IMAX.HDRip.XviD.AC3-EVO[TGx]"
"178.77.19.121","null","Sarajevo","Federation of B&H","BA","Wonder Woman 1984.2020.IMAX.HDRip.XviD.AC3-EVO[TGx]"
"103.211.60.79","null","Pune","Maharashtra","IN","Wonder Woman 1984.2020.IMAX.HDRip.XviD.AC3-EVO[TGx]"
"92.97.25.216","bba777456.alshamil.net.ae","Dubai","Dubai","AE","Wonder Woman 1984.2020.IMAX.HDRip.XviD.AC3-EVO[TGx]"
"122.109.222.10","n122-109-222-10.rdl2.qld.optusnet.com.au","Brisbane","Queensland","AU","Wonder Woman 1984.2020.IMAX.HDRip.XviD.AC3-EVO[TGx]"
"130.105.182.201","null","Makati City","Metro Manila","PH","Wonder Woman 1984.2020.IMAX.HDRip.XviD.AC3-EVO[TGx]"
"169.255.198.172","169-255-198-172.level-7.co.za","Johannesburg","Gauteng","ZA","Wonder Woman 1984.2020.IMAX.HDRip.XviD.AC3-EVO[TGx]"
"81.15.108.110","81-15-108-110.du.xdsl.is","Reykjavík","Capital Region","IS","Wonder Woman 1984.2020.IMAX.HDRip.XviD.AC3-EVO[TGx]"
"118.136.139.195","fm-dyn-118-136-139-195.fast.net.id","Jakarta","Jakarta","ID","Wonder Woman 1984.2020.IMAX.HDRip.XviD.AC3-EVO[TGx]"
"177.226.104.208","customer-dgo-cgn-104-208.megared.net.mx","Victoria de Durango","Durango","MX","Wonder Woman 1984.2020.IMAX.HDRip.XviD.AC3-EVO[TGx]"
"213.122.109.61","host213-122-109-61.range213-122.btcentralplus.com","Bedford","England","GB","Wonder Woman 1984.2020.IMAX.HDRip.XviD.AC3-EVO[TGx]"
"89.237.110.122","dynamic-89-237-110-122.hotnet.net.il","Tel Aviv","Tel Aviv","IL","Wonder Woman 1984.2020.IMAX.HDRip.XviD.AC3-EVO[TGx]"
"101.53.235.161","null","Lahore","Punjab","PK","Wonder Woman 1984.2020.IMAX.HDRip.XviD.AC3-EVO[TGx]"
"124.107.185.217","124.107.185.217.pldt.net","Mandaluyong City","Metro Manila","PH","Wonder Woman 1984.2020.IMAX.HDRip.XviD.AC3-EVO[TGx]"
"141.164.211.73","null","Jeddah","Mecca Region","SA","Wonder Woman 1984.2020.IMAX.HDRip.XviD.AC3-EVO[TGx]"
"122.109.89.12","n122-109-89-12.rdl1.qld.optusnet.com.au","Brisbane","Queensland","AU","Wonder Woman 1984.2020.IMAX.HDRip.XviD.AC3-EVO[TGx]"
"112.134.187.253","null","Kandy","Central","LK","Wonder Woman 1984.2020.IMAX.HDRip.XviD.AC3-EVO[TGx]"
"102.252.65.181","8ta-252-65-181.telkomadsl.co.za","Centurion","Gauteng","ZA","Wonder Woman 1984.2020.IMAX.HDRip.XviD.AC3-EVO[TGx]"
"105.162.11.10","null","Nairobi","Nairobi Area","KE","Wonder Woman 1984.2020.IMAX.HDRip.XviD.AC3-EVO[TGx]"
"78.20.228.134","78-20-228-134.access.telenet.be","Aalst","Flanders","BE","Wonder Woman 1984.2020.IMAX.HDRip.XviD.AC3-EVO[TGx]"
"178.84.107.184","178-84-107-184.dynamic.upc.nl","Barendrecht","South Holland","NL","Wonder Woman 1984.2020.IMAX.HDRip.XviD.AC3-EVO[TGx]"
"31.170.1.41","null","Balbriggan","Leinster","IE","Wonder Woman 1984.2020.IMAX.HDRip.XviD.AC3-EVO[TGx]"
"77.86.26.31","null","Kingston upon Hull","England","GB","Wonder Woman 1984.2020.IMAX.HDRip.XviD.AC3-EVO[TGx]"
"185.110.17.173","173.net-185-110-17.tvalmansa.es","Almansa","Castille-La Mancha","ES","Wonder Woman 1984.2020.IMAX.HDRip.XviD.AC3-EVO[TGx]"
"91.144.234.164","null","Randers","Central Jutland","DK","Wonder Woman 1984.2020.IMAX.HDRip.XviD.AC3-EVO[TGx]"
"186.213.219.233","186.213.219.233.static.host.gvt.net.br","Brasília","Federal District","BR","Wonder Woman 1984.2020.IMAX.HDRip.XviD.AC3-EVO[TGx]"
"93.172.147.208","93-172-147-208.bb.netvision.net.il","Tel Aviv","Tel Aviv","IL","Wonder Woman 1984.2020.IMAX.HDRip.XviD.AC3-EVO[TGx]"
"196.25.195.118","the-computer-shop-gw.telkom-ipnet.co.za","Johannesburg","Gauteng","ZA","Wonder Woman 1984.2020.IMAX.HDRip.XviD.AC3-EVO[TGx]"
"86.159.198.97","host86-159-198-97.range86-159.btcentralplus.com","Mansfield","England","GB","Wonder Woman 1984.2020.IMAX.HDRip.XviD.AC3-EVO[TGx]"
"196.30.90.186","null","Johannesburg","Gauteng","ZA","Wonder Woman 1984.2020.IMAX.HDRip.XviD.AC3-EVO[TGx]"
"180.190.148.206","null","Makati City","Metro Manila","PH","Zack.Snyders.Justice.League.2021.HDRip.XviD.AC3-EVO"
"49.146.15.107","dsl.49.146.15.107.pldt.net","General Santos","Soccsksargen","PH","Zack.Snyders.Justice.League.2021.HDRip.XviD.AC3-EVO"
"202.142.116.204","null","Kolkata","West Bengal","IN","Zack.Snyders.Justice.League.2021.HDRip.XviD.AC3-EVO"
"103.148.92.205","null","Lahore","Punjab","PK","Zack.Snyders.Justice.League.2021.HDRip.XviD.AC3-EVO"
"104.54.16.168","104-54-16-168.lightspeed.rcsntx.sbcglobal.net","Clarksburg","West Virginia","US","Zack.Snyders.Justice.League.2021.HDRip.XviD.AC3-EVO"
"49.146.15.107","dsl.49.146.15.107.pldt.net","General Santos","Soccsksargen","PH","Zack.Snyders.Justice.League.2021.HDRip.XviD.AC3-EVO"
"81.105.113.36","cpc117818-heme13-2-0-cust291.9-1.cable.virginm.net","Luton","England","GB","Zack.Snyders.Justice.League.2021.HDRip.XviD.AC3-EVO"
"197.156.95.20","null","Addis Ababa","Addis Ababa","ET","Zack.Snyders.Justice.League.2021.HDRip.XviD.AC3-EVO"
"185.205.231.17","null","Dublin","Leinster","IE","Zack.Snyders.Justice.League.2021.HDRip.XviD.AC3-EVO"
"94.22.226.193","e705.ip19.netikka.fi","Kokkola","Central Ostrobothnia","FI","Zack.Snyders.Justice.League.2021.HDRip.XviD.AC3-EVO"
"86.61.44.237","bsn-61-44-237.dynamic.siol.net","Celje","Celje","SI","Zack.Snyders.Justice.League.2021.HDRip.XviD.AC3-EVO"
"177.70.149.118","user-177-70-149-118.inova.net.br","Angra dos Reis","Rio de Janeiro","BR","Zack.Snyders.Justice.League.2021.HDRip.XviD.AC3-EVO"
"37.228.212.50","null","Dublin","Leinster","IE","Zack.Snyders.Justice.League.2021.HDRip.XviD.AC3-EVO"
"125.24.201.222","node-13vi.pool-125-24.dynamic.totinternet.net","Bangkok","Bangkok","TH","Zack.Snyders.Justice.League.2021.HDRip.XviD.AC3-EVO"
"201.242.228.27","201-242-228-27.genericrev.cantv.net","Maturín","Monagas","VE","Zack.Snyders.Justice.League.2021.HDRip.XviD.AC3-EVO"
"136.158.33.41","41.33.158.136.convergeict.com","San Jose del Monte","Central Luzon","PH","Zack.Snyders.Justice.League.2021.HDRip.XviD.AC3-EVO"
"69.236.110.187","69-236-110-187.lightspeed.frokca.sbcglobal.net","Sacramento","California","US","Zack.Snyders.Justice.League.2021.HDRip.XviD.AC3-EVO"
"103.226.168.73","null","Pune","Maharashtra","IN","Zack.Snyders.Justice.League.2021.HDRip.XviD.AC3-EVO"
"194.150.65.28","gprs-inet-65-28.elisa.ee","Tallinn","Harjumaa","EE","Zack.Snyders.Justice.League.2021.HDRip.XviD.AC3-EVO"
"103.10.31.31","null","Kathmandu","Bagmati Province","NP","Zack.Snyders.Justice.League.2021.HDRip.XviD.AC3-EVO"
"86.169.89.161","host86-169-89-161.range86-169.btcentralplus.com","Wellingborough","England","GB","Zack.Snyders.Justice.League.2021.HDRip.XviD.AC3-EVO"
"185.209.178.23","null","New York City","New York","US","Zack.Snyders.Justice.League.2021.HDRip.XviD.AC3-EVO"
"102.182.110.155","102-182-110-155.ip.afrihost.joburg","Johannesburg","Gauteng","ZA","Zack.Snyders.Justice.League.2021.HDRip.XviD.AC3-EVO"
"104.54.16.168","104-54-16-168.lightspeed.rcsntx.sbcglobal.net","Clarksburg","West Virginia","US","Zack.Snyders.Justice.League.2021.HDRip.XviD.AC3-EVO"
"125.24.201.222","node-13vi.pool-125-24.dynamic.totinternet.net","Bangkok","Bangkok","TH","Zack.Snyders.Justice.League.2021.HDRip.XviD.AC3-EVO"
"203.206.108.7","203-206-108-7.tpgi.com.au","Perth","Western Australia","AU","Zack.Snyders.Justice.League.2021.HDRip.XviD.AC3-EVO"
"202.47.51.25","null","Karachi","Sindh","PK","Zack.Snyders.Justice.League.2021.HDRip.XviD.AC3-EVO"
"201.21.180.23","c915b417.virtua.com.br","Londrina","Paraná","BR","Zack.Snyders.Justice.League.2021.HDRip.XviD.AC3-EVO"
"197.245.147.12","dsl-197-245-147-12.voxdsl.co.za","Johannesburg","Gauteng","ZA","Zack.Snyders.Justice.League.2021.HDRip.XviD.AC3-EVO"
"184.147.29.253","bras-base-london142cw-grc-08-184-147-29-253.dsl.bell.ca","London","Ontario","CA","Zack.Snyders.Justice.League.2021.HDRip.XviD.AC3-EVO"
"177.70.149.118","user-177-70-149-118.inova.net.br","Angra dos Reis","Rio de Janeiro","BR","Zack.Snyders.Justice.League.2021.HDRip.XviD.AC3-EVO"
"156.155.170.157","156-155-170-157.ip.internet.co.za","Johannesburg","Gauteng","ZA","Zack.Snyders.Justice.League.2021.HDRip.XviD.AC3-EVO"
"151.225.66.39","97e14227.skybroadband.com","Morecambe","England","GB","Zack.Snyders.Justice.League.2021.HDRip.XviD.AC3-EVO"
"141.136.178.131","141-136-178-131.dsl.iskon.hr","Split","Split-Dalmatia","HR","Zack.Snyders.Justice.League.2021.HDRip.XviD.AC3-EVO"
"136.158.7.18","18.7.158.136.convergeict.com","Quezon City","Metro Manila","PH","Zack.Snyders.Justice.League.2021.HDRip.XviD.AC3-EVO"
"116.86.231.123","123.231.86.116.starhub.net.sg","Singapore","Singapore","SG","Zack.Snyders.Justice.League.2021.HDRip.XviD.AC3-EVO"
"113.178.94.57","static.vnpt.vn","Phúc Yên","Vĩnh Phúc","VN","Zack.Snyders.Justice.League.2021.HDRip.XviD.AC3-EVO"
"111.125.105.91","91.105.125.111-rev.convergeict.com","San Jose del Monte","Central Luzon","PH","Zack.Snyders.Justice.League.2021.HDRip.XviD.AC3-EVO"
"105.163.63.14","null","Nairobi","Nairobi Area","KE","Zack.Snyders.Justice.League.2021.HDRip.XviD.AC3-EVO"
"103.210.40.232","null","Aluva","Kerala","IN","Zack.Snyders.Justice.League.2021.HDRip.XviD.AC3-EVO"
"102.132.202.117","neph-cust.coolideas.co.za","Cape Town","Western Cape","ZA","Zack.Snyders.Justice.League.2021.HDRip.XviD.AC3-EVO"
"102.65.195.140","102-65-195-140.dsl.web.africa","Randburg","Gauteng","ZA","Zack.Snyders.Justice.League.2021.HDRip.XviD.AC3-EVO"
"101.180.140.20","cpe-101-180-140-20.vb02.vic.asp.telstra.net","Melbourne","Victoria","AU","Zack.Snyders.Justice.League.2021.HDRip.XviD.AC3-EVO"
"89.205.126.241","89.205.126.241.robi.com.mk","Skopje","Grad Skopje","MK","Zack.Snyders.Justice.League.2021.HDRip.XviD.AC3-EVO"
"86.160.229.182","host86-160-229-182.range86-160.btcentralplus.com","Caerphilly","Wales","GB","Zack.Snyders.Justice.League.2021.HDRip.XviD.AC3-EVO"
"78.21.102.186","78-21-102-186.access.telenet.be","Aalst","Flanders","BE","Zack.Snyders.Justice.League.2021.HDRip.XviD.AC3-EVO"
"49.147.193.171","dsl.49.148.193.171.pldt.net","Cebu City","Central Visayas","PH","Zack.Snyders.Justice.League.2021.HDRip.XviD.AC3-EVO"
"45.237.89.36","null","Debe","Penal/Debe","TT","Zack.Snyders.Justice.League.2021.HDRip.XviD.AC3-EVO"
"37.120.205.148","null","Montréal","Quebec","CA","Zack.Snyders.Justice.League.2021.HDRip.XviD.AC3-EVO"
"5.62.43.113","r-113-43-62-5.ff.avast.com","London","England","GB","Zack.Snyders.Justice.League.2021.HDRip.XviD.AC3-EVO"
"2.216.141.217","02d88dd9.bb.sky.com","Croydon","England","GB","Zack.Snyders.Justice.League.2021.HDRip.XviD.AC3-EVO"
